Patient_ID,Swollen_Joints,Gender,age,Treatment,Baseline,Time,Age_Group
1,4.0,Female,54,Placebo,2,1,50-70
1,5.0,Female,54,Placebo,2,3,50-70
1,5.0,Female,54,Placebo,2,5,50-70
2,4.0,Male,41,Prednisone,3,1,30-50
2,4.0,Male,41,Prednisone,3,3,30-50
2,4.0,Male,41,Prednisone,3,5,30-50
3,3.0,Female,48,Placebo,3,1,30-50
3,4.0,Female,48,Placebo,3,3,30-50
3,4.0,Female,48,Placebo,3,5,30-50
4,4.0,Female,40,Prednisone,3,1,30-50
4,3.0,Female,40,Prednisone,3,3,30-50
4,4.0,Female,40,Prednisone,3,5,30-50
5,4.0,Female,29,Placebo,3,1,<30
5,3.0,Female,29,Placebo,3,3,<30
5,4.0,Female,29,Placebo,3,5,<30
6,3.0,Female,43,Placebo,2,1,30-50
6,2.0,Female,43,Placebo,2,3,30-50
6,3.0,Female,43,Placebo,2,5,30-50
7,3.0,Female,55,Placebo,4,1,50-70
7,2.0,Female,55,Placebo,4,3,50-70
7,3.0,Female,55,Placebo,4,5,50-70
8,3.0,Male,49,Prednisone,3,1,30-50
8,2.0,Male,49,Prednisone,3,3,30-50
8,2.0,Male,49,Prednisone,3,5,30-50
9,2.0,Female,64,Prednisone,2,1,50-70
9,2.0,Female,64,Prednisone,2,3,50-70
9,1.0,Female,64,Prednisone,2,5,50-70
10,3.0,Female,51,Placebo,3,1,50-70
10,3.0,Female,51,Placebo,3,3,50-70
10,4.0,Female,51,Placebo,3,5,50-70
11,4.0,Female,46,Placebo,4,1,30-50
11,4.0,Female,46,Placebo,4,3,30-50
11,4.0,Female,46,Placebo,4,5,30-50
12,4.0,Female,59,Prednisone,4,1,50-70
12,5.0,Female,59,Prednisone,4,3,50-70
12,4.0,Female,59,Prednisone,4,5,50-70
13,3.0,Male,58,Placebo,3,1,50-70
13,2.0,Male,58,Placebo,3,3,50-70
13,3.0,Male,58,Placebo,3,5,50-70
14,5.0,Female,49,Prednisone,4,1,30-50
14,5.0,Female,49,Prednisone,4,3,30-50
14,5.0,Female,49,Prednisone,4,5,30-50
15,3.0,Female,48,Placebo,3,1,30-50
15,3.0,Female,48,Placebo,3,3,30-50
15,3.0,Female,48,Placebo,3,5,30-50
16,4.0,Female,60,Prednisone,4,1,50-70
16,3.0,Female,60,Prednisone,4,3,50-70
16,3.0,Female,60,Prednisone,4,5,50-70
17,4.0,Female,62,Prednisone,3,1,50-70
17,3.0,Female,62,Prednisone,3,3,50-70
17,4.0,Female,62,Prednisone,3,5,50-70
18,2.0,Male,65,Placebo,2,1,50-70
18,2.0,Male,65,Placebo,2,3,50-70
18,2.0,Male,65,Placebo,2,5,50-70
19,4.0,Male,56,Prednisone,4,1,50-70
19,3.0,Male,56,Prednisone,4,3,50-70
19,3.0,Male,56,Prednisone,4,5,50-70
20,4.0,Female,64,Prednisone,3,1,50-70
20,3.0,Female,64,Prednisone,3,3,50-70
20,3.0,Female,64,Prednisone,3,5,50-70
21,3.0,Female,42,Prednisone,3,1,30-50
21,3.0,Female,42,Prednisone,3,3,30-50
21,4.0,Female,42,Prednisone,3,5,30-50
22,3.0,Female,59,Placebo,4,1,50-70
22,1.0,Female,59,Placebo,4,3,50-70
22,2.0,Female,59,Placebo,4,5,50-70
23,4.0,Female,61,Placebo,4,1,50-70
23,4.0,Female,61,Placebo,4,3,50-70
23,4.0,Female,61,Placebo,4,5,50-70
24,4.0,Female,59,Prednisone,4,1,50-70
24,5.0,Female,59,Prednisone,4,3,50-70
24,5.0,Female,59,Prednisone,4,5,50-70
25,3.0,Female,29,Prednisone,3,1,<30
25,3.0,Female,29,Prednisone,3,3,<30
25,4.0,Female,29,Prednisone,3,5,<30
26,4.0,Male,41,Placebo,3,1,30-50
26,4.0,Male,41,Placebo,3,3,30-50
26,4.0,Male,41,Placebo,3,5,30-50
27,4.0,Female,65,Prednisone,3,1,50-70
27,3.0,Female,65,Prednisone,3,3,50-70
27,4.0,Female,65,Prednisone,3,5,50-70
28,3.0,Male,22,Prednisone,3,1,<30
28,3.0,Male,22,Prednisone,3,3,<30
28,4.0,Male,22,Prednisone,3,5,<30
29,4.0,Female,55,Placebo,3,1,50-70
29,3.0,Female,55,Placebo,3,3,50-70
29,4.0,Female,55,Placebo,3,5,50-70
30,3.0,Female,62,Placebo,3,1,50-70
30,4.0,Female,62,Placebo,3,3,50-70
30,4.0,Female,62,Placebo,3,5,50-70
31,2.0,Female,31,Placebo,3,1,30-50
31,3.0,Female,31,Placebo,3,3,30-50
31,5.0,Female,31,Placebo,3,5,30-50
32,4.0,Female,43,Prednisone,2,1,30-50
32,4.0,Female,43,Prednisone,2,3,30-50
32,3.0,Female,43,Prednisone,2,5,30-50
33,4.0,Female,59,Placebo,2,1,50-70
33,4.0,Female,59,Placebo,2,3,50-70
33,4.0,Female,59,Placebo,2,5,50-70
34,3.0,Female,57,Prednisone,3,1,50-70
34,3.0,Female,57,Prednisone,3,3,50-70
34,3.0,Female,57,Prednisone,3,5,50-70
35,4.0,Male,48,Placebo,3,1,30-50
35,5.0,Male,48,Placebo,3,3,30-50
35,4.0,Male,48,Placebo,3,5,30-50
36,1.0,Female,61,Prednisone,3,1,50-70
36,3.0,Female,61,Prednisone,3,3,50-70
36,4.0,Female,61,Prednisone,3,5,50-70
37,3.0,Female,35,Placebo,3,1,30-50
37,4.0,Female,35,Placebo,3,3,30-50
37,4.0,Female,35,Placebo,3,5,30-50
38,4.0,Female,61,Prednisone,2,1,50-70
38,4.0,Female,61,Prednisone,2,3,50-70
38,3.0,Female,61,Prednisone,2,5,50-70
39,3.0,Female,56,Placebo,4,1,50-70
39,3.0,Female,56,Placebo,4,3,50-70
39,3.0,Female,56,Placebo,4,5,50-70
40,3.0,Female,56,Placebo,3,1,50-70
40,4.0,Female,56,Placebo,3,3,50-70
40,2.0,Female,56,Placebo,3,5,50-70
41,3.0,Female,60,Prednisone,4,1,50-70
41,3.0,Female,60,Prednisone,4,3,50-70
41,4.0,Female,60,Prednisone,4,5,50-70
42,4.0,Female,52,Placebo,3,1,50-70
42,3.0,Female,52,Placebo,3,3,50-70
42,4.0,Female,52,Placebo,3,5,50-70
43,4.0,Female,55,Prednisone,3,1,50-70
43,3.0,Female,55,Prednisone,3,3,50-70
43,4.0,Female,55,Prednisone,3,5,50-70
44,3.0,Female,64,Placebo,3,1,50-70
44,3.0,Female,64,Placebo,3,3,50-70
44,4.0,Female,64,Placebo,3,5,50-70
45,3.0,Male,50,Prednisone,2,1,30-50
45,2.0,Male,50,Prednisone,2,3,30-50
45,5.0,Male,50,Prednisone,2,5,30-50
46,4.0,Male,57,Prednisone,4,1,50-70
46,4.0,Male,57,Prednisone,4,3,50-70
46,4.0,Male,57,Prednisone,4,5,50-70
47,3.0,Female,50,Placebo,3,1,30-50
47,4.0,Female,50,Placebo,3,3,30-50
47,4.0,Female,50,Placebo,3,5,30-50
48,3.0,Female,56,Prednisone,3,1,50-70
48,2.0,Female,56,Prednisone,3,3,50-70
48,3.0,Female,56,Prednisone,3,5,50-70
49,2.0,Female,56,Placebo,2,1,50-70
49,4.0,Female,56,Placebo,2,3,50-70
49,3.0,Female,56,Placebo,2,5,50-70
50,4.0,Female,64,Placebo,4,1,50-70
50,3.0,Female,64,Placebo,4,3,50-70
50,4.0,Female,64,Placebo,4,5,50-70
51,3.0,Female,64,Prednisone,3,1,50-70
51,3.0,Female,64,Prednisone,3,3,50-70
51,2.0,Female,64,Prednisone,3,5,50-70
52,4.0,Female,33,Prednisone,3,1,30-50
52,4.0,Female,33,Prednisone,3,3,30-50
52,4.0,Female,33,Prednisone,3,5,30-50
53,2.0,Male,48,Placebo,3,1,30-50
53,4.0,Male,48,Placebo,3,3,30-50
53,3.0,Male,48,Placebo,3,5,30-50
54,5.0,Male,35,Placebo,5,1,30-50
54,5.0,Male,35,Placebo,5,3,30-50
54,5.0,Male,35,Placebo,5,5,30-50
55,2.0,Female,55,Prednisone,2,1,50-70
55,1.0,Female,55,Prednisone,2,3,50-70
55,2.0,Female,55,Prednisone,2,5,50-70
56,3.0,Female,50,Placebo,4,1,30-50
56,3.0,Female,50,Placebo,4,3,30-50
56,4.0,Female,50,Placebo,4,5,30-50
57,3.0,Female,45,Placebo,3,1,30-50
57,3.0,Female,45,Placebo,3,3,30-50
57,2.0,Female,45,Placebo,3,5,30-50
58,3.0,Male,46,Placebo,4,1,30-50
58,5.0,Male,46,Placebo,4,3,30-50
58,5.0,Male,46,Placebo,4,5,30-50
59,4.0,Female,55,Prednisone,4,1,50-70
59,2.0,Female,55,Prednisone,4,3,50-70
59,4.0,Female,55,Prednisone,4,5,50-70
60,2.0,Female,51,Placebo,4,1,50-70
60,2.0,Female,51,Placebo,4,3,50-70
60,2.0,Female,51,Placebo,4,5,50-70
61,5.0,Male,55,Prednisone,5,1,50-70
61,5.0,Male,55,Prednisone,5,3,50-70
61,4.0,Male,55,Prednisone,5,5,50-70
62,4.0,Female,34,Placebo,2,1,30-50
62,5.0,Female,34,Placebo,2,3,30-50
62,5.0,Female,34,Placebo,2,5,30-50
63,2.0,Female,53,Placebo,3,1,50-70
63,2.0,Female,53,Placebo,3,3,50-70
63,3.0,Female,53,Placebo,3,5,50-70
64,2.0,Female,61,Prednisone,3,1,50-70
64,3.0,Female,61,Prednisone,3,3,50-70
64,3.0,Female,61,Prednisone,3,5,50-70
65,2.0,Female,51,Prednisone,4,1,50-70
65,5.0,Female,51,Prednisone,4,3,50-70
65,4.0,Female,51,Prednisone,4,5,50-70
66,3.0,Female,57,Prednisone,4,1,50-70
66,3.0,Female,57,Prednisone,4,3,50-70
66,4.0,Female,57,Prednisone,4,5,50-70
67,5.0,Female,42,Prednisone,5,1,30-50
67,5.0,Female,42,Prednisone,5,3,30-50
67,5.0,Female,42,Prednisone,5,5,30-50
68,4.0,Female,57,Placebo,4,1,50-70
68,4.0,Female,57,Placebo,4,3,50-70
68,,Female,57,Placebo,4,5,50-70
69,3.0,Male,52,Placebo,4,1,50-70
69,4.0,Male,52,Placebo,4,3,50-70
69,5.0,Male,52,Placebo,4,5,50-70
70,4.0,Male,44,Placebo,3,1,30-50
70,4.0,Male,44,Placebo,3,3,30-50
70,3.0,Male,44,Placebo,3,5,30-50
71,4.0,Male,31,Prednisone,4,1,30-50
71,4.0,Male,31,Prednisone,4,3,30-50
71,4.0,Male,31,Prednisone,4,5,30-50
72,4.0,Female,64,Prednisone,3,1,50-70
72,4.0,Female,64,Prednisone,3,3,50-70
72,4.0,Female,64,Prednisone,3,5,50-70
73,2.0,Female,58,Prednisone,1,1,50-70
73,1.0,Female,58,Prednisone,1,3,50-70
73,2.0,Female,58,Prednisone,1,5,50-70
74,2.0,Female,50,Prednisone,2,1,30-50
74,3.0,Female,50,Prednisone,2,3,30-50
74,2.0,Female,50,Prednisone,2,5,30-50
75,3.0,Female,63,Placebo,2,1,50-70
75,,Female,63,Placebo,2,3,50-70
75,,Female,63,Placebo,2,5,50-70
76,4.0,Female,47,Prednisone,4,1,30-50
76,2.0,Female,47,Prednisone,4,3,30-50
76,3.0,Female,47,Prednisone,4,5,30-50
77,3.0,Male,57,Placebo,3,1,50-70
77,3.0,Male,57,Placebo,3,3,50-70
77,3.0,Male,57,Placebo,3,5,50-70
78,3.0,Female,46,Prednisone,3,1,30-50
78,2.0,Female,46,Prednisone,3,3,30-50
78,2.0,Female,46,Prednisone,3,5,30-50
79,1.0,Female,39,Prednisone,4,1,30-50
79,3.0,Female,39,Prednisone,4,3,30-50
79,1.0,Female,39,Prednisone,4,5,30-50
80,4.0,Female,64,Placebo,3,1,50-70
80,3.0,Female,64,Placebo,3,3,50-70
80,3.0,Female,64,Placebo,3,5,50-70
81,3.0,Female,57,Placebo,1,1,50-70
81,3.0,Female,57,Placebo,1,3,50-70
81,5.0,Female,57,Placebo,1,5,50-70
82,3.0,Male,42,Placebo,1,1,30-50
82,,Male,42,Placebo,1,3,30-50
82,2.0,Male,42,Placebo,1,5,30-50
83,2.0,Female,31,Prednisone,2,1,30-50
83,3.0,Female,31,Prednisone,2,3,30-50
83,3.0,Female,31,Prednisone,2,5,30-50
84,4.0,Female,58,Prednisone,2,1,50-70
84,4.0,Female,58,Prednisone,2,3,50-70
84,4.0,Female,58,Prednisone,2,5,50-70
85,3.0,Female,60,Placebo,4,1,50-70
85,4.0,Female,60,Placebo,4,3,50-70
85,5.0,Female,60,Placebo,4,5,50-70
86,4.0,Female,36,Placebo,4,1,30-50
86,4.0,Female,36,Placebo,4,3,30-50
86,5.0,Female,36,Placebo,4,5,30-50
87,2.0,Male,60,Placebo,2,1,50-70
87,4.0,Male,60,Placebo,2,3,50-70
87,3.0,Male,60,Placebo,2,5,50-70
88,4.0,Female,63,Prednisone,3,1,50-70
88,4.0,Female,63,Prednisone,3,3,50-70
88,4.0,Female,63,Prednisone,3,5,50-70
89,1.0,Female,58,Prednisone,1,1,50-70
89,3.0,Female,58,Prednisone,1,3,50-70
89,3.0,Female,58,Prednisone,1,5,50-70
90,4.0,Female,31,Placebo,3,1,30-50
90,2.0,Female,31,Placebo,3,3,30-50
90,3.0,Female,31,Placebo,3,5,30-50
91,3.0,Female,61,Prednisone,2,1,50-70
91,4.0,Female,61,Prednisone,2,3,50-70
91,3.0,Female,61,Prednisone,2,5,50-70
92,3.0,Female,49,Placebo,2,1,30-50
92,3.0,Female,49,Placebo,2,3,30-50
92,4.0,Female,49,Placebo,2,5,30-50
93,3.0,Female,37,Prednisone,3,1,30-50
93,,Female,37,Prednisone,3,3,30-50
93,3.0,Female,37,Prednisone,3,5,30-50
94,4.0,Male,44,Prednisone,3,1,30-50
94,3.0,Male,44,Prednisone,3,3,30-50
94,4.0,Male,44,Prednisone,3,5,30-50
95,3.0,Male,64,Placebo,3,1,50-70
95,3.0,Male,64,Placebo,3,3,50-70
95,3.0,Male,64,Placebo,3,5,50-70
96,4.0,Female,41,Prednisone,3,1,30-50
96,4.0,Female,41,Prednisone,3,3,30-50
96,4.0,Female,41,Prednisone,3,5,30-50
97,3.0,Male,31,Placebo,3,1,30-50
97,3.0,Male,31,Placebo,3,3,30-50
97,3.0,Male,31,Placebo,3,5,30-50
98,4.0,Female,63,Prednisone,3,1,50-70
98,3.0,Female,63,Prednisone,3,3,50-70
98,4.0,Female,63,Prednisone,3,5,50-70
99,4.0,Female,52,Placebo,2,1,50-70
99,3.0,Female,52,Placebo,2,3,50-70
99,,Female,52,Placebo,2,5,50-70
100,2.0,Female,41,Placebo,2,1,30-50
100,2.0,Female,41,Placebo,2,3,30-50
100,2.0,Female,41,Placebo,2,5,30-50
101,3.0,Female,62,Prednisone,3,1,50-70
101,1.0,Female,62,Prednisone,3,3,50-70
101,3.0,Female,62,Prednisone,3,5,50-70
102,3.0,Female,62,Placebo,3,1,50-70
102,3.0,Female,62,Placebo,3,3,50-70
102,4.0,Female,62,Placebo,3,5,50-70
103,4.0,Female,54,Placebo,2,1,50-70
103,3.0,Female,54,Placebo,2,3,50-70
103,3.0,Female,54,Placebo,2,5,50-70
104,3.0,Female,42,Prednisone,3,1,30-50
104,3.0,Female,42,Prednisone,3,3,30-50
104,4.0,Female,42,Prednisone,3,5,30-50
105,5.0,Female,33,Placebo,1,1,30-50
105,5.0,Female,33,Placebo,1,3,30-50
105,5.0,Female,33,Placebo,1,5,30-50
106,4.0,Female,40,Prednisone,2,1,30-50
106,3.0,Female,40,Prednisone,2,3,30-50
106,4.0,Female,40,Prednisone,2,5,30-50
107,3.0,Female,50,Placebo,3,1,30-50
107,4.0,Female,50,Placebo,3,3,30-50
107,4.0,Female,50,Placebo,3,5,30-50
108,2.0,Female,25,Placebo,3,1,<30
108,3.0,Female,25,Placebo,3,3,<30
108,3.0,Female,25,Placebo,3,5,<30
109,4.0,Female,46,Placebo,3,1,30-50
109,4.0,Female,46,Placebo,3,3,30-50
109,4.0,Female,46,Placebo,3,5,30-50
110,3.0,Female,66,Prednisone,1,1,50-70
110,3.0,Female,66,Prednisone,1,3,50-70
110,3.0,Female,66,Prednisone,1,5,50-70
111,4.0,Female,32,Placebo,2,1,30-50
111,4.0,Female,32,Placebo,2,3,30-50
111,5.0,Female,32,Placebo,2,5,30-50
112,4.0,Female,54,Prednisone,4,1,50-70
112,4.0,Female,54,Prednisone,4,3,50-70
112,4.0,Female,54,Prednisone,4,5,50-70
113,3.0,Female,58,Prednisone,3,1,50-70
113,4.0,Female,58,Prednisone,3,3,50-70
113,3.0,Female,58,Prednisone,3,5,50-70
114,4.0,Female,33,Placebo,3,1,30-50
114,4.0,Female,33,Placebo,3,3,30-50
114,4.0,Female,33,Placebo,3,5,30-50
115,3.0,Male,62,Prednisone,2,1,50-70
115,2.0,Male,62,Prednisone,2,3,50-70
115,2.0,Male,62,Prednisone,2,5,50-70
116,3.0,Female,62,Placebo,3,1,50-70
116,2.0,Female,62,Placebo,3,3,50-70
116,3.0,Female,62,Placebo,3,5,50-70
117,3.0,Female,26,Placebo,3,1,<30
117,4.0,Female,26,Placebo,3,3,<30
117,3.0,Female,26,Placebo,3,5,<30
118,3.0,Female,61,Prednisone,3,1,50-70
118,4.0,Female,61,Prednisone,3,3,50-70
118,4.0,Female,61,Prednisone,3,5,50-70
119,3.0,Female,46,Prednisone,3,1,30-50
119,3.0,Female,46,Prednisone,3,3,30-50
119,3.0,Female,46,Prednisone,3,5,30-50
120,3.0,Female,64,Placebo,3,1,50-70
120,3.0,Female,64,Placebo,3,3,50-70
120,3.0,Female,64,Placebo,3,5,50-70
121,4.0,Female,21,Prednisone,4,1,<30
121,5.0,Female,21,Prednisone,4,3,<30
121,4.0,Female,21,Prednisone,4,5,<30
122,3.0,Male,50,Placebo,3,1,30-50
122,4.0,Male,50,Placebo,3,3,30-50
122,5.0,Male,50,Placebo,3,5,30-50
123,2.0,Female,45,Prednisone,2,1,30-50
123,3.0,Female,45,Prednisone,2,3,30-50
123,3.0,Female,45,Prednisone,2,5,30-50
124,5.0,Female,50,Placebo,2,1,30-50
124,5.0,Female,50,Placebo,2,3,30-50
124,4.0,Female,50,Placebo,2,5,30-50
125,5.0,Female,60,Prednisone,1,1,50-70
125,3.0,Female,60,Prednisone,1,3,50-70
125,4.0,Female,60,Prednisone,1,5,50-70
126,4.0,Male,52,Prednisone,4,1,50-70
126,4.0,Male,52,Prednisone,4,3,50-70
126,3.0,Male,52,Prednisone,4,5,50-70
127,3.0,Female,42,Placebo,3,1,30-50
127,3.0,Female,42,Placebo,3,3,30-50
127,2.0,Female,42,Placebo,3,5,30-50
128,3.0,Female,65,Placebo,2,1,50-70
128,2.0,Female,65,Placebo,2,3,50-70
128,3.0,Female,65,Placebo,2,5,50-70
129,4.0,Female,48,Placebo,5,1,30-50
129,5.0,Female,48,Placebo,5,3,30-50
129,5.0,Female,48,Placebo,5,5,30-50
130,2.0,Male,60,Placebo,3,1,50-70
130,3.0,Male,60,Placebo,3,3,50-70
130,2.0,Male,60,Placebo,3,5,50-70
131,3.0,Female,62,Prednisone,3,1,50-70
131,4.0,Female,62,Prednisone,3,3,50-70
131,4.0,Female,62,Prednisone,3,5,50-70
132,3.0,Female,63,Prednisone,3,1,50-70
132,3.0,Female,63,Prednisone,3,3,50-70
132,3.0,Female,63,Prednisone,3,5,50-70
133,4.0,Female,62,Placebo,3,1,50-70
133,3.0,Female,62,Placebo,3,3,50-70
133,3.0,Female,62,Placebo,3,5,50-70
134,3.0,Female,54,Placebo,2,1,50-70
134,3.0,Female,54,Placebo,2,3,50-70
134,2.0,Female,54,Placebo,2,5,50-70
135,2.0,Female,37,Prednisone,2,1,30-50
135,3.0,Female,37,Prednisone,2,3,30-50
135,3.0,Female,37,Prednisone,2,5,30-50
136,4.0,Female,53,Placebo,2,1,50-70
136,5.0,Female,53,Placebo,2,3,50-70
136,5.0,Female,53,Placebo,2,5,50-70
137,3.0,Female,63,Prednisone,3,1,50-70
137,1.0,Female,63,Prednisone,3,3,50-70
137,2.0,Female,63,Prednisone,3,5,50-70
138,4.0,Female,46,Placebo,4,1,30-50
138,4.0,Female,46,Placebo,4,3,30-50
138,5.0,Female,46,Placebo,4,5,30-50
139,5.0,Female,55,Placebo,3,1,50-70
139,5.0,Female,55,Placebo,3,3,50-70
139,5.0,Female,55,Placebo,3,5,50-70
140,2.0,Female,36,Prednisone,3,1,30-50
140,3.0,Female,36,Prednisone,3,3,30-50
140,3.0,Female,36,Prednisone,3,5,30-50
141,3.0,Female,55,Prednisone,3,1,50-70
141,3.0,Female,55,Prednisone,3,3,50-70
141,3.0,Female,55,Prednisone,3,5,50-70
142,5.0,Female,33,Prednisone,4,1,30-50
142,4.0,Female,33,Prednisone,4,3,30-50
142,5.0,Female,33,Prednisone,4,5,30-50
143,3.0,Female,51,Prednisone,4,1,50-70
143,2.0,Female,51,Prednisone,4,3,50-70
143,3.0,Female,51,Prednisone,4,5,50-70
144,3.0,Male,60,Placebo,2,1,50-70
144,3.0,Male,60,Placebo,2,3,50-70
144,3.0,Male,60,Placebo,2,5,50-70
145,4.0,Female,61,Placebo,2,1,50-70
145,3.0,Female,61,Placebo,2,3,50-70
145,5.0,Female,61,Placebo,2,5,50-70
146,5.0,Male,41,Prednisone,4,1,30-50
146,5.0,Male,41,Prednisone,4,3,30-50
146,5.0,Male,41,Prednisone,4,5,30-50
147,3.0,Female,63,Placebo,3,1,50-70
147,2.0,Female,63,Placebo,3,3,50-70
147,3.0,Female,63,Placebo,3,5,50-70
148,4.0,Female,55,Placebo,2,1,50-70
148,4.0,Female,55,Placebo,2,3,50-70
148,4.0,Female,55,Placebo,2,5,50-70
149,3.0,Female,34,Prednisone,3,1,30-50
149,2.0,Female,34,Prednisone,3,3,30-50
149,2.0,Female,34,Prednisone,3,5,30-50
150,3.0,Female,62,Prednisone,3,1,50-70
150,2.0,Female,62,Prednisone,3,3,50-70
150,2.0,Female,62,Prednisone,3,5,50-70
151,3.0,Female,53,Placebo,2,1,50-70
151,3.0,Female,53,Placebo,2,3,50-70
151,3.0,Female,53,Placebo,2,5,50-70
152,3.0,Female,24,Prednisone,3,1,<30
152,3.0,Female,24,Prednisone,3,3,<30
152,3.0,Female,24,Prednisone,3,5,<30
153,2.0,Female,48,Prednisone,2,1,30-50
153,2.0,Female,48,Prednisone,2,3,30-50
153,3.0,Female,48,Prednisone,2,5,30-50
154,,Female,52,Prednisone,3,1,50-70
154,3.0,Female,52,Prednisone,3,3,50-70
154,3.0,Female,52,Prednisone,3,5,50-70
155,3.0,Male,52,Prednisone,2,1,50-70
155,3.0,Male,52,Prednisone,2,3,50-70
155,3.0,Male,52,Prednisone,2,5,50-70
156,4.0,Female,55,Placebo,1,1,50-70
156,3.0,Female,55,Placebo,1,3,50-70
156,4.0,Female,55,Placebo,1,5,50-70
157,3.0,Female,60,Placebo,2,1,50-70
157,3.0,Female,60,Placebo,2,3,50-70
157,2.0,Female,60,Placebo,2,5,50-70
158,3.0,Female,36,Placebo,1,1,30-50
158,2.0,Female,36,Placebo,1,3,30-50
158,3.0,Female,36,Placebo,1,5,30-50
159,2.0,Female,28,Placebo,3,1,<30
159,4.0,Female,28,Placebo,3,3,<30
159,2.0,Female,28,Placebo,3,5,<30
160,3.0,Female,28,Prednisone,3,1,<30
160,2.0,Female,28,Prednisone,3,3,<30
160,2.0,Female,28,Prednisone,3,5,<30
161,3.0,Female,34,Placebo,2,1,30-50
161,3.0,Female,34,Placebo,2,3,30-50
161,3.0,Female,34,Placebo,2,5,30-50
162,2.0,Male,26,Prednisone,3,1,<30
162,3.0,Male,26,Prednisone,3,3,<30
162,3.0,Male,26,Prednisone,3,5,<30
163,,Male,47,Placebo,3,1,30-50
163,,Male,47,Placebo,3,3,30-50
163,,Male,47,Placebo,3,5,30-50
164,4.0,Female,56,Placebo,4,1,50-70
164,4.0,Female,56,Placebo,4,3,50-70
164,5.0,Female,56,Placebo,4,5,50-70
165,3.0,Female,57,Prednisone,3,1,50-70
165,3.0,Female,57,Prednisone,3,3,50-70
165,3.0,Female,57,Prednisone,3,5,50-70
166,2.0,Female,55,Prednisone,1,1,50-70
166,2.0,Female,55,Prednisone,1,3,50-70
166,1.0,Female,55,Prednisone,1,5,50-70
167,3.0,Female,55,Placebo,1,1,50-70
167,3.0,Female,55,Placebo,1,3,50-70
167,3.0,Female,55,Placebo,1,5,50-70
168,4.0,Male,46,Prednisone,4,1,30-50
168,4.0,Male,46,Prednisone,4,3,30-50
168,4.0,Male,46,Prednisone,4,5,30-50
169,3.0,Female,59,Prednisone,3,1,50-70
169,3.0,Female,59,Prednisone,3,3,50-70
169,3.0,Female,59,Prednisone,3,5,50-70
170,4.0,Female,51,Prednisone,3,1,50-70
170,4.0,Female,51,Prednisone,3,3,50-70
170,4.0,Female,51,Prednisone,3,5,50-70
171,4.0,Female,54,Prednisone,2,1,50-70
171,3.0,Female,54,Prednisone,2,3,50-70
171,3.0,Female,54,Prednisone,2,5,50-70
172,1.0,Female,58,Prednisone,3,1,50-70
172,4.0,Female,58,Prednisone,3,3,50-70
172,3.0,Female,58,Prednisone,3,5,50-70
173,4.0,Male,47,Prednisone,1,1,30-50
173,2.0,Male,47,Prednisone,1,3,30-50
173,3.0,Male,47,Prednisone,1,5,30-50
174,3.0,Female,54,Placebo,3,1,50-70
174,3.0,Female,54,Placebo,3,3,50-70
174,3.0,Female,54,Placebo,3,5,50-70
175,4.0,Female,60,Placebo,2,1,50-70
175,4.0,Female,60,Placebo,2,3,50-70
175,5.0,Female,60,Placebo,2,5,50-70
176,3.0,Female,45,Placebo,3,1,30-50
176,2.0,Female,45,Placebo,3,3,30-50
176,3.0,Female,45,Placebo,3,5,30-50
177,5.0,Female,33,Prednisone,4,1,30-50
177,2.0,Female,33,Prednisone,4,3,30-50
177,5.0,Female,33,Prednisone,4,5,30-50
178,1.0,Female,57,Prednisone,2,1,50-70
178,2.0,Female,57,Prednisone,2,3,50-70
178,1.0,Female,57,Prednisone,2,5,50-70
179,4.0,Female,38,Prednisone,2,1,30-50
179,4.0,Female,38,Prednisone,2,3,30-50
179,4.0,Female,38,Prednisone,2,5,30-50
180,4.0,Female,51,Placebo,4,1,50-70
180,4.0,Female,51,Placebo,4,3,50-70
180,3.0,Female,51,Placebo,4,5,50-70
181,3.0,Female,55,Placebo,2,1,50-70
181,3.0,Female,55,Placebo,2,3,50-70
181,3.0,Female,55,Placebo,2,5,50-70
182,2.0,Male,33,Prednisone,1,1,30-50
182,1.0,Male,33,Prednisone,1,3,30-50
182,1.0,Male,33,Prednisone,1,5,30-50
183,3.0,Male,57,Prednisone,2,1,50-70
183,3.0,Male,57,Prednisone,2,3,50-70
183,3.0,Male,57,Prednisone,2,5,50-70
184,3.0,Female,63,Placebo,1,1,50-70
184,2.0,Female,63,Placebo,1,3,50-70
184,,Female,63,Placebo,1,5,50-70
185,2.0,Female,37,Prednisone,2,1,30-50
185,4.0,Female,37,Prednisone,2,3,30-50
185,2.0,Female,37,Prednisone,2,5,30-50
186,3.0,Male,55,Placebo,2,1,50-70
186,3.0,Male,55,Placebo,2,3,50-70
186,4.0,Male,55,Placebo,2,5,50-70
187,3.0,Female,63,Placebo,2,1,50-70
187,2.0,Female,63,Placebo,2,3,50-70
187,3.0,Female,63,Placebo,2,5,50-70
188,4.0,Female,45,Placebo,5,1,30-50
188,4.0,Female,45,Placebo,5,3,30-50
188,5.0,Female,45,Placebo,5,5,30-50
189,3.0,Female,54,Prednisone,3,1,50-70
189,3.0,Female,54,Prednisone,3,3,50-70
189,4.0,Female,54,Prednisone,3,5,50-70
190,2.0,Male,63,Prednisone,2,1,50-70
190,2.0,Male,63,Prednisone,2,3,50-70
190,1.0,Male,63,Prednisone,2,5,50-70
191,4.0,Male,53,Placebo,4,1,50-70
191,4.0,Male,53,Placebo,4,3,50-70
191,4.0,Male,53,Placebo,4,5,50-70
192,4.0,Female,49,Placebo,3,1,30-50
192,1.0,Female,49,Placebo,3,3,30-50
192,3.0,Female,49,Placebo,3,5,30-50
193,4.0,Female,64,Placebo,3,1,50-70
193,4.0,Female,64,Placebo,3,3,50-70
193,3.0,Female,64,Placebo,3,5,50-70
194,4.0,Female,45,Prednisone,3,1,30-50
194,3.0,Female,45,Prednisone,3,3,30-50
194,4.0,Female,45,Prednisone,3,5,30-50
195,3.0,Female,55,Prednisone,3,1,50-70
195,4.0,Female,55,Prednisone,3,3,50-70
195,4.0,Female,55,Prednisone,3,5,50-70
196,2.0,Female,60,Prednisone,3,1,50-70
196,2.0,Female,60,Prednisone,3,3,50-70
196,2.0,Female,60,Prednisone,3,5,50-70
197,3.0,Female,65,Placebo,3,1,50-70
197,5.0,Female,65,Placebo,3,3,50-70
197,1.0,Female,65,Placebo,3,5,50-70
198,4.0,Female,58,Placebo,4,1,50-70
198,3.0,Female,58,Placebo,4,3,50-70
198,3.0,Female,58,Placebo,4,5,50-70
199,,Female,63,Placebo,2,1,50-70
199,2.0,Female,63,Placebo,2,3,50-70
199,2.0,Female,63,Placebo,2,5,50-70
200,4.0,Female,49,Placebo,4,1,30-50
200,4.0,Female,49,Placebo,4,3,30-50
200,3.0,Female,49,Placebo,4,5,30-50
201,2.0,Female,38,Placebo,3,1,30-50
201,1.0,Female,38,Placebo,3,3,30-50
201,4.0,Female,38,Placebo,3,5,30-50
202,1.0,Male,33,Prednisone,3,1,30-50
202,3.0,Male,33,Prednisone,3,3,30-50
202,,Male,33,Prednisone,3,5,30-50
203,3.0,Female,57,Placebo,2,1,50-70
203,4.0,Female,57,Placebo,2,3,50-70
203,4.0,Female,57,Placebo,2,5,50-70
204,3.0,Female,57,Prednisone,2,1,50-70
204,2.0,Female,57,Prednisone,2,3,50-70
204,2.0,Female,57,Prednisone,2,5,50-70
205,3.0,Male,51,Placebo,2,1,50-70
205,3.0,Male,51,Placebo,2,3,50-70
205,2.0,Male,51,Placebo,2,5,50-70
206,3.0,Female,58,Placebo,2,1,50-70
206,4.0,Female,58,Placebo,2,3,50-70
206,3.0,Female,58,Placebo,2,5,50-70
207,2.0,Male,65,Prednisone,3,1,50-70
207,3.0,Male,65,Prednisone,3,3,50-70
207,2.0,Male,65,Prednisone,3,5,50-70
208,3.0,Male,50,Placebo,3,1,30-50
208,2.0,Male,50,Placebo,3,3,30-50
208,4.0,Male,50,Placebo,3,5,30-50
209,4.0,Female,52,Prednisone,5,1,50-70
209,4.0,Female,52,Prednisone,5,3,50-70
209,4.0,Female,52,Prednisone,5,5,50-70
210,4.0,Female,65,Placebo,5,1,50-70
210,4.0,Female,65,Placebo,5,3,50-70
210,5.0,Female,65,Placebo,5,5,50-70
211,5.0,Female,60,Prednisone,5,1,50-70
211,4.0,Female,60,Prednisone,5,3,50-70
211,3.0,Female,60,Prednisone,5,5,50-70
212,2.0,Male,58,Prednisone,1,1,50-70
212,1.0,Male,58,Prednisone,1,3,50-70
212,2.0,Male,58,Prednisone,1,5,50-70
213,2.0,Male,58,Prednisone,3,1,50-70
213,2.0,Male,58,Prednisone,3,3,50-70
213,2.0,Male,58,Prednisone,3,5,50-70
214,4.0,Female,55,Placebo,4,1,50-70
214,3.0,Female,55,Placebo,4,3,50-70
214,2.0,Female,55,Placebo,4,5,50-70
215,2.0,Male,59,Prednisone,3,1,50-70
215,4.0,Male,59,Prednisone,3,3,50-70
215,5.0,Male,59,Prednisone,3,5,50-70
216,4.0,Female,54,Placebo,4,1,50-70
216,4.0,Female,54,Placebo,4,3,50-70
216,4.0,Female,54,Placebo,4,5,50-70
217,4.0,Male,44,Placebo,4,1,30-50
217,4.0,Male,44,Placebo,4,3,30-50
217,4.0,Male,44,Placebo,4,5,30-50
218,4.0,Male,44,Prednisone,2,1,30-50
218,4.0,Male,44,Prednisone,2,3,30-50
218,3.0,Male,44,Prednisone,2,5,30-50
219,3.0,Male,47,Placebo,3,1,30-50
219,3.0,Male,47,Placebo,3,3,30-50
219,4.0,Male,47,Placebo,3,5,30-50
220,4.0,Female,55,Prednisone,4,1,50-70
220,3.0,Female,55,Prednisone,4,3,50-70
220,3.0,Female,55,Prednisone,4,5,50-70
221,4.0,Female,53,Prednisone,4,1,50-70
221,4.0,Female,53,Prednisone,4,3,50-70
221,4.0,Female,53,Prednisone,4,5,50-70
222,4.0,Female,63,Placebo,3,1,50-70
222,4.0,Female,63,Placebo,3,3,50-70
222,4.0,Female,63,Placebo,3,5,50-70
223,4.0,Female,57,Prednisone,3,1,50-70
223,4.0,Female,57,Prednisone,3,3,50-70
223,4.0,Female,57,Prednisone,3,5,50-70
224,4.0,Female,55,Prednisone,4,1,50-70
224,4.0,Female,55,Prednisone,4,3,50-70
224,5.0,Female,55,Prednisone,4,5,50-70
225,1.0,Female,58,Placebo,1,1,50-70
225,2.0,Female,58,Placebo,1,3,50-70
225,4.0,Female,58,Placebo,1,5,50-70
226,2.0,Female,62,Prednisone,1,1,50-70
226,1.0,Female,62,Prednisone,1,3,50-70
226,1.0,Female,62,Prednisone,1,5,50-70
227,2.0,Female,53,Placebo,2,1,50-70
227,2.0,Female,53,Placebo,2,3,50-70
227,3.0,Female,53,Placebo,2,5,50-70
228,2.0,Female,25,Prednisone,3,1,<30
228,3.0,Female,25,Prednisone,3,3,<30
228,2.0,Female,25,Prednisone,3,5,<30
229,3.0,Female,58,Placebo,2,1,50-70
229,2.0,Female,58,Placebo,2,3,50-70
229,2.0,Female,58,Placebo,2,5,50-70
230,3.0,Male,62,Prednisone,1,1,50-70
230,2.0,Male,62,Prednisone,1,3,50-70
230,2.0,Male,62,Prednisone,1,5,50-70
231,3.0,Male,32,Placebo,3,1,30-50
231,3.0,Male,32,Placebo,3,3,30-50
231,3.0,Male,32,Placebo,3,5,30-50
232,4.0,Male,63,Placebo,5,1,50-70
232,4.0,Male,63,Placebo,5,3,50-70
232,4.0,Male,63,Placebo,5,5,50-70
233,4.0,Male,39,Placebo,4,1,30-50
233,5.0,Male,39,Placebo,4,3,30-50
233,5.0,Male,39,Placebo,4,5,30-50
234,3.0,Male,57,Prednisone,4,1,50-70
234,2.0,Male,57,Prednisone,4,3,50-70
234,,Male,57,Prednisone,4,5,50-70
235,2.0,Male,53,Prednisone,3,1,50-70
235,3.0,Male,53,Prednisone,3,3,50-70
235,2.0,Male,53,Prednisone,3,5,50-70
236,3.0,Male,62,Placebo,2,1,50-70
236,4.0,Male,62,Placebo,2,3,50-70
236,4.0,Male,62,Placebo,2,5,50-70
237,4.0,Male,61,Prednisone,3,1,50-70
237,3.0,Male,61,Prednisone,3,3,50-70
237,4.0,Male,61,Prednisone,3,5,50-70
238,4.0,Male,64,Placebo,5,1,50-70
238,4.0,Male,64,Placebo,5,3,50-70
238,5.0,Male,64,Placebo,5,5,50-70
239,3.0,Male,57,Placebo,3,1,50-70
239,3.0,Male,57,Placebo,3,3,50-70
239,4.0,Male,57,Placebo,3,5,50-70
240,4.0,Male,35,Placebo,3,1,30-50
240,5.0,Male,35,Placebo,3,3,30-50
240,4.0,Male,35,Placebo,3,5,30-50
241,3.0,Male,54,Prednisone,3,1,50-70
241,3.0,Male,54,Prednisone,3,3,50-70
241,3.0,Male,54,Prednisone,3,5,50-70
242,3.0,Male,63,Placebo,3,1,50-70
242,4.0,Male,63,Placebo,3,3,50-70
242,3.0,Male,63,Placebo,3,5,50-70
243,3.0,Male,50,Prednisone,2,1,30-50
243,2.0,Male,50,Prednisone,2,3,30-50
243,2.0,Male,50,Prednisone,2,5,30-50
244,2.0,Male,35,Prednisone,4,1,30-50
244,4.0,Male,35,Prednisone,4,3,30-50
244,3.0,Male,35,Prednisone,4,5,30-50
245,4.0,Male,35,Placebo,3,1,30-50
245,4.0,Male,35,Placebo,3,3,30-50
245,4.0,Male,35,Placebo,3,5,30-50
246,2.0,Male,63,Prednisone,3,1,50-70
246,3.0,Male,63,Prednisone,3,3,50-70
246,3.0,Male,63,Prednisone,3,5,50-70
247,3.0,Male,55,Prednisone,3,1,50-70
247,2.0,Male,55,Prednisone,3,3,50-70
247,3.0,Male,55,Prednisone,3,5,50-70
248,4.0,Female,38,Prednisone,3,1,30-50
248,4.0,Female,38,Prednisone,3,3,30-50
248,4.0,Female,38,Prednisone,3,5,30-50
249,3.0,Female,22,Placebo,1,1,<30
249,3.0,Female,22,Placebo,1,3,<30
249,5.0,Female,22,Placebo,1,5,<30
250,5.0,Female,28,Placebo,4,1,<30
250,4.0,Female,28,Placebo,4,3,<30
250,5.0,Female,28,Placebo,4,5,<30
251,3.0,Female,51,Prednisone,3,1,50-70
251,3.0,Female,51,Prednisone,3,3,50-70
251,4.0,Female,51,Prednisone,3,5,50-70
252,1.0,Male,62,Prednisone,2,1,50-70
252,2.0,Male,62,Prednisone,2,3,50-70
252,2.0,Male,62,Prednisone,2,5,50-70
253,4.0,Female,33,Prednisone,4,1,30-50
253,2.0,Female,33,Prednisone,4,3,30-50
253,3.0,Female,33,Prednisone,4,5,30-50
254,4.0,Female,36,Placebo,4,1,30-50
254,5.0,Female,36,Placebo,4,3,30-50
254,5.0,Female,36,Placebo,4,5,30-50
255,2.0,Male,31,Prednisone,2,1,30-50
255,3.0,Male,31,Prednisone,2,3,30-50
255,3.0,Male,31,Prednisone,2,5,30-50
256,3.0,Female,39,Placebo,3,1,30-50
256,2.0,Female,39,Placebo,3,3,30-50
256,2.0,Female,39,Placebo,3,5,30-50
257,1.0,Female,33,Prednisone,2,1,30-50
257,2.0,Female,33,Prednisone,2,3,30-50
257,2.0,Female,33,Prednisone,2,5,30-50
258,3.0,Female,52,Placebo,3,1,50-70
258,4.0,Female,52,Placebo,3,3,50-70
258,3.0,Female,52,Placebo,3,5,50-70
259,3.0,Male,27,Placebo,3,1,<30
259,4.0,Male,27,Placebo,3,3,<30
259,4.0,Male,27,Placebo,3,5,<30
260,2.0,Female,41,Placebo,2,1,30-50
260,2.0,Female,41,Placebo,2,3,30-50
260,2.0,Female,41,Placebo,2,5,30-50
261,2.0,Female,31,Prednisone,3,1,30-50
261,2.0,Female,31,Prednisone,3,3,30-50
261,2.0,Female,31,Prednisone,3,5,30-50
262,3.0,Female,48,Placebo,2,1,30-50
262,2.0,Female,48,Placebo,2,3,30-50
262,4.0,Female,48,Placebo,2,5,30-50
263,1.0,Female,48,Placebo,3,1,30-50
263,4.0,Female,48,Placebo,3,3,30-50
263,3.0,Female,48,Placebo,3,5,30-50
264,3.0,Female,42,Placebo,3,1,30-50
264,3.0,Female,42,Placebo,3,3,30-50
264,4.0,Female,42,Placebo,3,5,30-50
265,3.0,Female,41,Placebo,3,1,30-50
265,,Female,41,Placebo,3,3,30-50
265,,Female,41,Placebo,3,5,30-50
266,3.0,Female,50,Prednisone,2,1,30-50
266,3.0,Female,50,Prednisone,2,3,30-50
266,2.0,Female,50,Prednisone,2,5,30-50
267,3.0,Female,53,Placebo,4,1,50-70
267,5.0,Female,53,Placebo,4,3,50-70
267,4.0,Female,53,Placebo,4,5,50-70
268,3.0,Male,63,Placebo,3,1,50-70
268,3.0,Male,63,Placebo,3,3,50-70
268,4.0,Male,63,Placebo,3,5,50-70
269,5.0,Male,55,Prednisone,5,1,50-70
269,3.0,Male,55,Prednisone,5,3,50-70
269,4.0,Male,55,Prednisone,5,5,50-70
270,4.0,Female,37,Prednisone,4,1,30-50
270,3.0,Female,37,Prednisone,4,3,30-50
270,5.0,Female,37,Prednisone,4,5,30-50
271,3.0,Female,39,Placebo,3,1,30-50
271,3.0,Female,39,Placebo,3,3,30-50
271,3.0,Female,39,Placebo,3,5,30-50
272,3.0,Male,35,Placebo,3,1,30-50
272,4.0,Male,35,Placebo,3,3,30-50
272,3.0,Male,35,Placebo,3,5,30-50
273,3.0,Male,35,Placebo,3,1,30-50
273,3.0,Male,35,Placebo,3,3,30-50
273,3.0,Male,35,Placebo,3,5,30-50
274,2.0,Male,65,Prednisone,3,1,50-70
274,3.0,Male,65,Prednisone,3,3,50-70
274,3.0,Male,65,Prednisone,3,5,50-70
275,4.0,Female,58,Placebo,4,1,50-70
275,3.0,Female,58,Placebo,4,3,50-70
275,5.0,Female,58,Placebo,4,5,50-70
276,4.0,Female,40,Prednisone,3,1,30-50
276,1.0,Female,40,Prednisone,3,3,30-50
276,3.0,Female,40,Prednisone,3,5,30-50
277,2.0,Female,33,Prednisone,2,1,30-50
277,2.0,Female,33,Prednisone,2,3,30-50
277,1.0,Female,33,Prednisone,2,5,30-50
278,4.0,Female,33,Placebo,4,1,30-50
278,5.0,Female,33,Placebo,4,3,30-50
278,5.0,Female,33,Placebo,4,5,30-50
279,3.0,Female,40,Placebo,3,1,30-50
279,2.0,Female,40,Placebo,3,3,30-50
279,2.0,Female,40,Placebo,3,5,30-50
280,2.0,Male,60,Prednisone,2,1,50-70
280,2.0,Male,60,Prednisone,2,3,50-70
280,2.0,Male,60,Prednisone,2,5,50-70
281,3.0,Female,59,Prednisone,3,1,50-70
281,4.0,Female,59,Prednisone,3,3,50-70
281,4.0,Female,59,Prednisone,3,5,50-70
282,3.0,Female,62,Placebo,3,1,50-70
282,3.0,Female,62,Placebo,3,3,50-70
282,3.0,Female,62,Placebo,3,5,50-70
283,3.0,Female,54,Placebo,3,1,50-70
283,2.0,Female,54,Placebo,3,3,50-70
283,4.0,Female,54,Placebo,3,5,50-70
284,4.0,Female,55,Placebo,1,1,50-70
284,4.0,Female,55,Placebo,1,3,50-70
284,3.0,Female,55,Placebo,1,5,50-70
285,2.0,Female,45,Prednisone,3,1,30-50
285,4.0,Female,45,Prednisone,3,3,30-50
285,4.0,Female,45,Prednisone,3,5,30-50
286,3.0,Male,65,Placebo,2,1,50-70
286,3.0,Male,65,Placebo,2,3,50-70
286,3.0,Male,65,Placebo,2,5,50-70
287,3.0,Female,51,Prednisone,3,1,50-70
287,4.0,Female,51,Prednisone,3,3,50-70
287,3.0,Female,51,Prednisone,3,5,50-70
288,2.0,Female,29,Placebo,3,1,<30
288,,Female,29,Placebo,3,3,<30
288,,Female,29,Placebo,3,5,<30
289,3.0,Male,56,Prednisone,3,1,50-70
289,3.0,Male,56,Prednisone,3,3,50-70
289,3.0,Male,56,Prednisone,3,5,50-70
290,3.0,Male,64,Placebo,2,1,50-70
290,3.0,Male,64,Placebo,2,3,50-70
290,2.0,Male,64,Placebo,2,5,50-70
291,3.0,Male,36,Placebo,3,1,30-50
291,3.0,Male,36,Placebo,3,3,30-50
291,3.0,Male,36,Placebo,3,5,30-50
292,2.0,Female,61,Prednisone,2,1,50-70
292,3.0,Female,61,Prednisone,2,3,50-70
292,3.0,Female,61,Prednisone,2,5,50-70
293,3.0,Male,46,Prednisone,2,1,30-50
293,3.0,Male,46,Prednisone,2,3,30-50
293,2.0,Male,46,Prednisone,2,5,30-50
294,4.0,Male,60,Prednisone,3,1,50-70
294,4.0,Male,60,Prednisone,3,3,50-70
294,4.0,Male,60,Prednisone,3,5,50-70
295,3.0,Female,56,Prednisone,2,1,50-70
295,3.0,Female,56,Prednisone,2,3,50-70
295,3.0,Female,56,Prednisone,2,5,50-70
296,3.0,Male,63,Prednisone,3,1,50-70
296,3.0,Male,63,Prednisone,3,3,50-70
296,4.0,Male,63,Prednisone,3,5,50-70
297,3.0,Female,56,Prednisone,3,1,50-70
297,3.0,Female,56,Prednisone,3,3,50-70
297,3.0,Female,56,Prednisone,3,5,50-70
298,2.0,Female,60,Placebo,1,1,50-70
298,2.0,Female,60,Placebo,1,3,50-70
298,3.0,Female,60,Placebo,1,5,50-70
299,3.0,Female,58,Placebo,1,1,50-70
299,2.0,Female,58,Placebo,1,3,50-70
299,1.0,Female,58,Placebo,1,5,50-70
300,2.0,Female,61,Prednisone,1,1,50-70
300,1.0,Female,61,Prednisone,1,3,50-70
300,2.0,Female,61,Prednisone,1,5,50-70
301,1.0,Female,64,Prednisone,2,1,50-70
301,2.0,Female,64,Prednisone,2,3,50-70
301,2.0,Female,64,Prednisone,2,5,50-70
302,2.0,Female,55,Prednisone,2,1,50-70
302,3.0,Female,55,Prednisone,2,3,50-70
302,3.0,Female,55,Prednisone,2,5,50-70
